battery_id,battery_formula,formula_charge,formula_discharge,framework_formula,working_ion,num_steps,stability_charge,stability_discharge,adj_pairs,capacity_grav,energy_grav,capacity_vol,energy_vol,average_voltage,id_charge,id_discharge,charge_crystal_system,charge_space_group_number,discharge_crystal_system,discharge_space_group_number
mp-1041645_Al,Al0-1Sb(WO4)2,Al0Sb(WO4)2,Al1Sb(WO4)2,Sb(WO4)2,Al,1,0.137117541,0.189050351,"[InsertionVoltagePairDoc(max_delta_volume=0.07904439024505083, average_voltage=1.4079751116666657, capacity_grav=124.77087980484633, capacity_vol=978.4381310449063, energy_grav=175.67429342597663, energy_vol=1377.6165368168756, fracA_charge=0.0, fracA_discharge=0.08333333333333333, formula_charge='Sb(WO4)2', formula_discharge='AlSb(WO4)2', stability_charge=0.13711754124999942, stability_discharge=0.18905035083333388, id_charge=MPID(mp-1047752), id_discharge=MPID(mp-1041645))]",124.7708798,175.6742934,978.438131,1377.616537,1.407975112,mp-1047752,mp-1041645,Monoclinic,13,Monoclinic,13
mp-6172_Al,Al0-0.67FeSiO4,Al0FeSiO4,Al0.67FeSiO4,FeSiO4,Al,2,0.432407462,0.024439558,"[InsertionVoltagePairDoc(max_delta_volume=0.003141769711764386, average_voltage=3.911030626666675, capacity_grav=170.79498307524744, capacity_vol=699.6600077883325, energy_grav=667.9844096883091, energy_vol=2736.3917187140123, fracA_charge=0.0, fracA_discharge=0.05263157894736842, formula_charge='FeSiO4', formula_discharge='AlFe3(SiO4)3', stability_charge=0.43240746249999873, stability_discharge=0.24467345888157688, id_charge=MPID(mp-1143147), id_discharge=MPID(mp-1250723)), InsertionVoltagePairDoc(max_delta_volume=0.04000438961084818, average_voltage=3.1806858208333346, capacity_grav=161.53664915000513, capacity_vol=672.7471679712171, energy_grav=513.7973294963505, energy_vol=2139.797378171832, fracA_charge=0.05263157894736842, fracA_discharge=0.1, formula_charge='AlFe3(SiO4)3', formula_discharge='Al2Fe3(SiO4)3', stability_charge=0.24467345888157688, stability_discharge=0.024439558499985026, id_charge=MPID(mp-1250723), id_discharge=MPID(mp-6172))]",323.0732983,1145.572112,1345.494336,4770.932156,3.545858224,mp-1143147,mp-6172,Cubic,230,Cubic,230
mp-6186_Al,Al0-0.67CoSiO4,Al0CoSiO4,Al0.67CoSiO4,CoSiO4,Al,1,0.519128298,0.0480707,"[InsertionVoltagePairDoc(max_delta_volume=0.05247905720841772, average_voltage=4.004917053333332, capacity_grav=317.16980833037894, capacity_vol=1379.9081773012235, energy_grav=1270.238774184799, energy_vol=5526.417791307786, fracA_charge=0.0, fracA_discharge=0.1, formula_charge='CoSiO4', formula_discharge='Al2Co3(SiO4)3', stability_charge=0.5191282977777698, stability_discharge=0.04807070012498649, id_charge=MPID(mp-1172361), id_discharge=MPID(mp-6186))]",317.1698083,1270.238774,1379.908177,5526.417791,4.004917053,mp-1172361,mp-6186,Cubic,230,Cubic,230
mp-35267_Al,Al4.33-5CuS8,Al4.33CuS8,Al5CuS8,CuS8,Al,2,0.097958107,0.0,"[InsertionVoltagePairDoc(max_delta_volume=0.007478821039041295, average_voltage=1.6696700566666578, capacity_grav=60.095722570583064, capacity_vol=179.37135114361098, energy_grav=100.34002850984918, energy_vol=299.4909740283279, fracA_charge=0.325, fracA_discharge=0.34146341463414637, formula_charge='Al13(CuS8)3', formula_discharge='Al14(CuS8)3', stability_charge=0.09795810666666682, stability_discharge=0.04720004861789029, id_charge=MPID(mp-1262123), id_discharge=MPID(mp-1258739)), InsertionVoltagePairDoc(max_delta_volume=0.009961814240419198, average_voltage=1.6536966300000036, capacity_grav=58.90776006990776, capacity_vol=177.60211189619446, energy_grav=97.41556430845523, energy_vol=293.7000139236203, fracA_charge=0.34146341463414637, fracA_discharge=0.35714285714285715, formula_charge='Al14(CuS8)3', formula_discharge='Al5CuS8', stability_charge=0.04720004861789029, stability_discharge=0.0, id_charge=MPID(mp-1258739), id_discharge=MPID(mp-35267))]",117.8155201,195.7720874,355.2042238,590.2369422,1.661683343,mp-1262123,mp-35267,Monoclinic,8,Cubic,216
mp-1345463_Al,Al0-1CrO3,Al0CrO3,Al1CrO3,CrO3,Al,1,0.202776377,0.176285461,"[InsertionVoltagePairDoc(max_delta_volume=0.018873665798643247, average_voltage=2.727672965833333, capacity_grav=633.2263233904066, capacity_vol=2795.822692763278, energy_grav=1727.2343235660476, energy_vol=7626.089976313746, fracA_charge=0.0, fracA_discharge=0.2, formula_charge='CrO3', formula_discharge='AlCrO3', stability_charge=0.20277637700000017, stability_discharge=0.1762854609999991, id_charge=MPID(mp-1389926), id_discharge=MPID(mp-1345463))]",633.2263234,1727.234324,2795.822693,7626.089976,2.727672966,mp-1389926,mp-1345463,Monoclinic,4,Orthorhombic,62
mp-1042105_Al,Al0-1V(WO4)2,Al0V(WO4)2,Al1V(WO4)2,V(WO4)2,Al,1,0.110051021,0.021647298,"[InsertionVoltagePairDoc(max_delta_volume=0.038659172324339464, average_voltage=2.0336163866666674, capacity_grav=140.1755410413, capacity_vol=1017.5344401353681, energy_grav=285.0632772714536, energy_vol=2069.2747114569775, fracA_charge=0.0, fracA_discharge=0.08333333333333333, formula_charge='V(WO4)2', formula_discharge='AlV(WO4)2', stability_charge=0.11005102136362943, stability_discharge=0.0216472983333329, id_charge=MPID(mp-1047717), id_discharge=MPID(mp-1042105))]",140.175541,285.0632773,1017.53444,2069.274711,2.033616387,mp-1047717,mp-1042105,Monoclinic,13,Monoclinic,13
mp-1143241_Al,Al0-0.67CrSiO4,Al0CrSiO4,Al0.67CrSiO4,CrSiO4,Al,1,0.466913468,0.070495277,"[InsertionVoltagePairDoc(max_delta_volume=0.1466847365716466, average_voltage=2.932545750416667, capacity_grav=330.74591298036006, capacity_vol=1316.1828300790276, energy_grav=969.9275215782357, energy_vol=3859.7663651196344, fracA_charge=0.0, fracA_discharge=0.1, formula_charge='CrSiO4', formula_discharge='Al2Cr3(SiO4)3', stability_charge=0.4669134675000013, stability_discharge=0.07049527749999918, id_charge=MPID(mp-1143241), id_discharge=MPID(mp-1364177))]",330.745913,969.9275216,1316.18283,3859.766365,2.93254575,mp-1143241,mp-1364177,Cubic,230,Cubic,230
mp-1041860_Al,Al0-1Te(WO4)2,Al0Te(WO4)2,Al1Te(WO4)2,Te(WO4)2,Al,1,0.091661862,0.18550783,"[InsertionVoltagePairDoc(max_delta_volume=0.08521783770794111, average_voltage=1.3284931216666653, capacity_grav=123.65030404637115, capacity_vol=941.6423428478367, energy_grav=164.2685784175959, energy_vol=1250.965375543435, fracA_charge=0.0, fracA_discharge=0.08333333333333333, formula_charge='Te(WO4)2', formula_discharge='AlTe(WO4)2', stability_charge=0.09166186238636875, stability_discharge=0.18550782981770908, id_charge=MPID(mp-1041860), id_discharge=MPID(mp-1041870))]",123.650304,164.2685784,941.6423428,1250.965376,1.328493122,mp-1041860,mp-1041870,Monoclinic,13,Monoclinic,13
mp-19456_Al,Al0-0.5VO2,Al0VO2,Al0.5VO2,VO2,Al,1,0.16138561,0.0,"[InsertionVoltagePairDoc(max_delta_volume=0.002508440394891398, average_voltage=1.8138545716666696, capacity_grav=416.9011295827852, capacity_vol=1808.6267951977288, energy_grav=756.1980198267336, energy_vol=3280.5859809082376, fracA_charge=0.0, fracA_discharge=0.14285714285714285, formula_charge='VO2', formula_discharge='AlV2O4', stability_charge=0.16138561000000173, stability_discharge=0.0, id_charge=MPID(mp-714960), id_discharge=MPID(mp-1281387))]",416.9011296,756.1980198,1808.626795,3280.585981,1.813854572,mp-714960,mp-1281387,Tetragonal,141,Orthorhombic,74
mp-34728_Al,Al1.67-2CuO4,Al1.67CuO4,Al2CuO4,CuO4,Al,1,0.121049786,0.059305181,"[InsertionVoltagePairDoc(max_delta_volume=0.001937587896839954, average_voltage=3.050088840000004, capacity_grav=147.66113048189217, capacity_vol=657.4575024415287, energy_grav=450.37956618460373, energy_vol=2005.303790971182, fracA_charge=0.25, fracA_discharge=0.2857142857142857, formula_charge='Al5(CuO4)3', formula_discharge='Al2CuO4', stability_charge=0.1210497855937378, stability_discharge=0.05930518119047168, id_charge=MPID(mp-1362276), id_discharge=MPID(mp-34728))]",147.6611305,450.3795662,657.4575024,2005.303791,3.05008884,mp-1362276,mp-34728,Monoclinic,8,Trigonal,156
mp-1045487_Al,Al0-0.5MnS2,Al0MnS2,Al0.5MnS2,MnS2,Al,1,0.011561333,0.072019049,"[InsertionVoltagePairDoc(max_delta_volume=0.1189374903954783, average_voltage=0.46687689166666735, capacity_grav=303.27837443583593, capacity_vol=1084.928274556902, energy_grav=141.59366476632275, energy_vol=506.527940506407, fracA_charge=0.0, fracA_discharge=0.14285714285714285, formula_charge='MnS2', formula_discharge='Mn2AlS4', stability_charge=0.011561333333332868, stability_discharge=0.07201904857142782, id_charge=MPID(mp-1386044), id_discharge=MPID(mp-1045487))]",303.2783744,141.5936648,1084.928275,506.5279405,0.466876892,mp-1386044,mp-1045487,Cubic,227,Orthorhombic,74
mp-1383064_Al,Al0-1CrO3,Al0CrO3,Al1CrO3,CrO3,Al,1,0.402243071,1.342757877,"[InsertionVoltagePairDoc(max_delta_volume=0.10689504359858426, average_voltage=1.0495078633333346, capacity_grav=633.2263233904066, capacity_vol=2446.745239660366, energy_grav=664.5760056678888, energy_vol=2567.8783685969584, fracA_charge=0.0, fracA_discharge=0.2, formula_charge='CrO3', formula_discharge='AlCrO3', stability_charge=0.4022430707500009, stability_discharge=1.3427578774999986, id_charge=MPID(mp-1429856), id_discharge=MPID(mp-1383064))]",633.2263234,664.5760057,2446.74524,2567.878369,1.049507863,mp-1429856,mp-1383064,Cubic,221,Tetragonal,123
mp-1043320_Al,Al0-1Cu3(NiO3)4,Al0Cu3(NiO3)4,Al1Cu3(NiO3)4,Cu3(NiO3)4,Al,1,0.116840968,0.227043694,"[InsertionVoltagePairDoc(max_delta_volume=0.04276434248491201, average_voltage=2.0891637733333375, capacity_grav=124.77684353382892, capacity_vol=721.8829684464934, energy_grav=260.67926126175746, energy_vol=1508.1317462647467, fracA_charge=0.0, fracA_discharge=0.05, formula_charge='Cu3(NiO3)4', formula_discharge='AlCu3(NiO3)4', stability_charge=0.11684096816886225, stability_discharge=0.22704369442708838, id_charge=MPID(mp-1043320), id_discharge=MPID(mp-1045829))]",124.7768435,260.6792613,721.8829684,1508.131746,2.089163773,mp-1043320,mp-1045829,Cubic,204,Monoclinic,12
mp-1041534_Al,Al0-1Mo(WO4)2,Al0Mo(WO4)2,Al1Mo(WO4)2,Mo(WO4)2,Al,1,0.096651677,0.092212929,"[InsertionVoltagePairDoc(max_delta_volume=0.036706026133404235, average_voltage=1.560872183333333, capacity_grav=129.9787703667206, capacity_vol=973.858602174392, energy_grav=202.8802470892851, energy_vol=1520.068802633891, fracA_charge=0.0, fracA_discharge=0.08333333333333333, formula_charge='Mo(WO4)2', formula_discharge='AlMo(WO4)2', stability_charge=0.09665167659090734, stability_discharge=0.09221292895833244, id_charge=MPID(mp-1041534), id_discharge=MPID(mp-1041813))]",129.9787704,202.8802471,973.8586022,1520.068803,1.560872183,mp-1041534,mp-1041813,Monoclinic,13,Monoclinic,13
mp-129_Al,Al0-12Mo,Al0Mo,Al12Mo,Mo,Al,1,0.0,0.011445595,"[InsertionVoltagePairDoc(max_delta_volume=12.723893064606141, average_voltage=0.04312143250000015, capacity_grav=2298.8107644274346, capacity_vol=7346.232301868708, energy_grav=99.12801320853136, energy_vol=316.7800603343522, fracA_charge=0.0, fracA_discharge=0.9230769230769231, formula_charge='Mo', formula_discharge='Al12Mo', stability_charge=0.0, stability_discharge=0.011445594615390853, id_charge=MPID(mp-129), id_discharge=MPID(mp-550))]",2298.810764,99.12801321,7346.232302,316.7800603,0.043121433,mp-129,mp-550,Cubic,229,Cubic,204
mp-1042304_Al,Al0-1Ni(WO4)2,Al0Ni(WO4)2,Al1Ni(WO4)2,Ni(WO4)2,Al,1,0.214559141,0.043112197,"[InsertionVoltagePairDoc(max_delta_volume=0.09425474920054588, average_voltage=3.0664238466666682, capacity_grav=138.30639763795472, capacity_vol=1029.726776571225, energy_grav=424.1060358635869, energy_vol=3157.5787432292045, fracA_charge=0.0, fracA_discharge=0.08333333333333333, formula_charge='Ni(WO4)2', formula_discharge='AlNi(WO4)2', stability_charge=0.21455914090909012, stability_discharge=0.04311219708333347, id_charge=MPID(mp-1042304), id_discharge=MPID(mp-1254576))]",138.3063976,424.1060359,1029.726777,3157.578743,3.066423847,mp-1042304,mp-1254576,Monoclinic,13,Triclinic,1
mp-1043118_Al,Al0-1Cu3(MoO3)4,Al0Cu3(MoO3)4,Al1Cu3(MoO3)4,Cu3(MoO3)4,Al,1,0.012036357,0.328709611,"[InsertionVoltagePairDoc(max_delta_volume=0.03214904315223621, average_voltage=-0.06715958666666921, capacity_grav=101.34515601838969, capacity_vol=592.457584719143, energy_grav=-6.806298788864155, energy_vol=-39.789206507270805, fracA_charge=0.0, fracA_discharge=0.05, formula_charge='Cu3(MoO3)4', formula_discharge='AlCu3(MoO3)4', stability_charge=0.012036356541352156, stability_discharge=0.3287096109999972, id_charge=MPID(mp-1043118), id_discharge=MPID(mp-1045851))]",101.345156,-6.806298789,592.4575847,-39.78920651,-0.067159587,mp-1043118,mp-1045851,Trigonal,148,Cubic,204
mp-3861_Al,Al0-0.25MoS2,Al0MoS2,Al0.25MoS2,MoS2,Al,1,0.267543036,0.025277966,"[InsertionVoltagePairDoc(max_delta_volume=0.07047743297813658, average_voltage=1.2103568433333318, capacity_grav=120.49914281705863, capacity_vol=564.0355815064759, energy_grav=145.8469621244274, energy_vol=682.6843259598584, fracA_charge=0.0, fracA_discharge=0.07692307692307693, formula_charge='MoS2', formula_discharge='Al(MoS2)4', stability_charge=0.2675430358333335, stability_discharge=0.0252779662820517, id_charge=MPID(mp-1405065), id_discharge=MPID(mp-554868))]",120.4991428,145.8469621,564.0355815,682.684326,1.210356843,mp-1405065,mp-554868,Cubic,216,Trigonal,160
mp-1048148_Al,Al0.33-0.67CuO2,Al0.33CuO2,Al0.67CuO2,CuO2,Al,1,0.638301203,0.31611225,"[InsertionVoltagePairDoc(max_delta_volume=0.06305433049830311, average_voltage=3.6268189666666637, capacity_grav=236.0688167660088, capacity_vol=1068.1055520472028, energy_grav=856.1788620855181, energy_vol=3873.8254745667623, fracA_charge=0.1, fracA_discharge=0.18181818181818182, formula_charge='Al(CuO2)3', formula_discharge='Al2(CuO2)3', stability_charge=0.6383012031875008, stability_discharge=0.31611224954544603, id_charge=MPID(mp-1394351), id_discharge=MPID(mp-1048148))]",236.0688168,856.1788621,1068.105552,3873.825475,3.626818967,mp-1394351,mp-1048148,Monoclinic,12,Monoclinic,12
mp-998981_Al,Al1-3Ti,Al1Ti,Al3Ti,Ti,Al,1,0.141591155,0.024496215,"[InsertionVoltagePairDoc(max_delta_volume=0.9562924420330603, average_voltage=0.16024498499999998, capacity_grav=1248.4036154151197, capacity_vol=4248.421059693514, energy_grav=200.0504186261416, energy_vol=680.7881689842711, fracA_charge=0.5, fracA_discharge=0.75, formula_charge='TiAl', formula_discharge='TiAl3', stability_charge=0.14159115499999952, stability_discharge=0.0244962150000001, id_charge=MPID(mp-1061123), id_discharge=MPID(mp-998981))]",1248.403615,200.0504186,4248.42106,680.788169,0.160244985,mp-1061123,mp-998981,Cubic,221,Cubic,221
mp-1221647_Al,Al0-24MnCr,Al0MnCr,Al24MnCr,MnCr,Al,1,0.066857541,0.0,"[InsertionVoltagePairDoc(max_delta_volume=17.497218012250638, average_voltage=0.03224066277777782, capacity_grav=2557.62687673099, capacity_vol=7619.191250731582, energy_grav=82.45958564406496, energy_vol=245.64777575423213, fracA_charge=0.0, fracA_discharge=0.9230769230769231, formula_charge='MnCr', formula_discharge='MnAl24Cr', stability_charge=0.0668575410344836, stability_discharge=0.0, id_charge=MPID(mp-1221647), id_discharge=MPID(mp-1221714))]",2557.626877,82.45958564,7619.191251,245.6477758,0.032240663,mp-1221647,mp-1221714,Orthorhombic,65,Monoclinic,12
mp-1042691_Al,Al0-1Cu3(SbO3)4,Al0Cu3(SbO3)4,Al1Cu3(SbO3)4,Cu3(SbO3)4,Al,1,0.02372463,0.399605952,"[InsertionVoltagePairDoc(max_delta_volume=0.0682596828185611, average_voltage=-0.4925861833333325, capacity_grav=89.67181590317628, capacity_vol=547.6680562364508, energy_grav=-44.17109754831483, energy_vol=-269.7737175550982, fracA_charge=0.0, fracA_discharge=0.05, formula_charge='Cu3(SbO3)4', formula_discharge='AlCu3(SbO3)4', stability_charge=0.023724630307020433, stability_discharge=0.39960595202082416, id_charge=MPID(mp-1042691), id_discharge=MPID(mp-1045633))]",89.6718159,-44.17109755,547.6680562,-269.7737176,-0.492586183,mp-1042691,mp-1045633,Cubic,204,Cubic,204
mp-1045491_Al,Al0-0.5NiS2,Al0NiS2,Al0.5NiS2,NiS2,Al,1,0.043764472,0.190369194,"[InsertionVoltagePairDoc(max_delta_volume=0.06780851595920279, average_voltage=0.5683177883333338, capacity_grav=294.9232785153013, capacity_vol=1178.6417797067315, energy_grav=167.61014537383187, energy_vol=669.8430894801941, fracA_charge=0.0, fracA_discharge=0.14285714285714285, formula_charge='NiS2', formula_discharge='Al(NiS2)2', stability_charge=0.04376447166666697, stability_discharge=0.19036919416666365, id_charge=MPID(mp-1444811), id_discharge=MPID(mp-1045491))]",294.9232785,167.6101454,1178.64178,669.8430895,0.568317788,mp-1444811,mp-1045491,Cubic,227,Orthorhombic,74
mp-504100_Al,Al0-0.5CuO2,Al0CuO2,Al0.5CuO2,CuO2,Al,1,0.174862157,0.123153803,"[InsertionVoltagePairDoc(max_delta_volume=0.00018771763919622764, average_voltage=2.852080401666665, capacity_grav=368.70740416307285, capacity_vol=1904.3203046041347, energy_grav=1051.5831613628902, energy_vol=5431.274619257347, fracA_charge=0.0, fracA_discharge=0.14285714285714285, formula_charge='CuO2', formula_discharge='Al(CuO2)2', stability_charge=0.17486215687500017, stability_discharge=0.12315380294641898, id_charge=MPID(mp-504100), id_discharge=MPID(mp-1401503))]",368.7074042,1051.583161,1904.320305,5431.274619,2.852080402,mp-504100,mp-1401503,Cubic,227,Cubic,227
mp-505623_Al,Al0-0.5FeO2,Al0FeO2,Al0.5FeO2,FeO2,Al,1,0.258179856,0.038653382,"[InsertionVoltagePairDoc(max_delta_volume=0.0019236105514750523, average_voltage=2.884921741666666, capacity_grav=396.727612262579, capacity_vol=1806.3972222008906, energy_grav=1144.528114135817, energy_vol=5211.314620413621, fracA_charge=0.0, fracA_discharge=0.14285714285714285, formula_charge='FeO2', formula_discharge='Al(FeO2)2', stability_charge=0.2581798558333306, stability_discharge=0.03865338214285785, id_charge=MPID(mp-1395285), id_discharge=MPID(mp-1293197))]",396.7276123,1144.528114,1806.397222,5211.31462,2.884921742,mp-1395285,mp-1293197,Orthorhombic,74,Orthorhombic,74
mp-1043067_Al,Al0-1Co4(CuO4)3,Al0Co4(CuO4)3,Al1Co4(CuO4)3,Co4(CuO4)3,Al,1,0.059507582,0.240657743,"[InsertionVoltagePairDoc(max_delta_volume=0.008887957817185654, average_voltage=1.5749021033333317, capacity_grav=124.5913870248521, capacity_vol=739.6530236943684, energy_grav=196.21923748265675, energy_vol=1164.8811027531194, fracA_charge=0.0, fracA_discharge=0.05, formula_charge='Co4(CuO4)3', formula_discharge='AlCo4(CuO4)3', stability_charge=0.05950758151089541, stability_discharge=0.24065774346013136, id_charge=MPID(mp-1043067), id_discharge=MPID(mp-1045723))]",124.591387,196.2192375,739.6530237,1164.881103,1.574902103,mp-1043067,mp-1045723,Cubic,204,Cubic,204
mp-1041486_Al,Al0-1Ti(WO4)2,Al0Ti(WO4)2,Al1Ti(WO4)2,Ti(WO4)2,Al,1,0.110271533,0.088609502,"[InsertionVoltagePairDoc(max_delta_volume=0.04674962052139242, average_voltage=1.6252253616666674, capacity_grav=140.93093415077695, capacity_vol=1018.6509117238285, energy_grav=229.04452842521775, energy_vol=1655.5372964184396, fracA_charge=0.0, fracA_discharge=0.08333333333333333, formula_charge='Ti(WO4)2', formula_discharge='TiAl(WO4)2', stability_charge=0.1102715325000041, stability_discharge=0.08860950229165887, id_charge=MPID(mp-1041486), id_discharge=MPID(mp-1047613))]",140.9309342,229.0445284,1018.650912,1655.537296,1.625225362,mp-1041486,mp-1047613,Monoclinic,13,Monoclinic,13
mp-34782_Al,Al1.33-2FeO4,Al1.33FeO4,Al2FeO4,FeO4,Al,2,0.166268369,0.014606905,"[InsertionVoltagePairDoc(max_delta_volume=0.002265339495607366, average_voltage=3.3267649183333323, capacity_grav=162.6186723534666, capacity_vol=646.6477089136022, energy_grav=540.9940942514552, energy_vol=2151.244912534396, fracA_charge=0.21052631578947367, fracA_discharge=0.25, formula_charge='Al4(FeO4)3', formula_discharge='Al5(FeO4)3', stability_charge=0.16626836881579, stability_discharge=0.0872590886250002, id_charge=MPID(mp-1360989), id_discharge=MPID(mp-1251086)), InsertionVoltagePairDoc(max_delta_volume=0.017991315855027112, average_voltage=2.259392190000003, capacity_grav=154.20371519005758, capacity_vol=635.2192782415555, energy_grav=348.40666976940093, energy_vol=1435.2094761964092, fracA_charge=0.25, fracA_discharge=0.2857142857142857, formula_charge='Al5(FeO4)3', formula_discharge='Al2FeO4', stability_charge=0.0872590886250002, stability_discharge=0.014606905476188814, id_charge=MPID(mp-1251086), id_discharge=MPID(mp-34782))]",308.4074304,861.4061797,1270.438556,3548.434686,2.793078554,mp-1360989,mp-34782,Triclinic,1,Monoclinic,8
mp-19342_Al,Al0-1WO3,Al0WO3,Al1WO3,WO3,Al,1,0.000278301,1.178337635,"[InsertionVoltagePairDoc(max_delta_volume=0.1404903418072081, average_voltage=-0.493997769166666, capacity_grav=310.6580814547337, capacity_vol=2031.4981452952247, energy_grav=-153.46439921223487, energy_vol=-1003.5555518420605, fracA_charge=0.0, fracA_discharge=0.2, formula_charge='WO3', formula_discharge='AlWO3', stability_charge=0.00027830062500022734, stability_discharge=1.1783376352499957, id_charge=MPID(mp-19342), id_discharge=MPID(mp-1417649))]",310.6580815,-153.4643992,2031.498145,-1003.555552,-0.493997769,mp-19342,mp-1417649,Orthorhombic,60,Cubic,221
mp-1386422_Al,Al0-1WO3,Al0WO3,Al1WO3,WO3,Al,1,1.222822746,0.736794372,"[InsertionVoltagePairDoc(max_delta_volume=0.0014475775502356125, average_voltage=1.8719669300000017, capacity_grav=310.6580814547337, capacity_vol=2223.9619425189335, energy_grav=581.5416550205083, energy_vol=4163.183209974008, fracA_charge=0.0, fracA_discharge=0.2, formula_charge='WO3', formula_discharge='AlWO3', stability_charge=1.2228227462500012, stability_discharge=0.7367943722499959, id_charge=MPID(mp-1386422), id_discharge=MPID(mp-1400236))]",310.6580815,581.541655,2223.961943,4163.18321,1.87196693,mp-1386422,mp-1400236,Hexagonal,194,Hexagonal,194
mp-1045776_Al,Al0-1V4(CuO4)3,Al0V4(CuO4)3,Al1V4(CuO4)3,V4(CuO4)3,Al,1,0.069858535,0.178449474,"[InsertionVoltagePairDoc(max_delta_volume=0.07720904619098845, average_voltage=1.427347986666663, capacity_grav=131.08458251005422, capacity_vol=641.1121380237955, energy_grav=187.10331492876594, energy_vol=915.0901194358242, fracA_charge=0.0, fracA_discharge=0.05, formula_charge='V4(CuO4)3', formula_discharge='AlV4(CuO4)3', stability_charge=0.06985853499999273, stability_discharge=0.17844947400000155, id_charge=MPID(mp-1367462), id_discharge=MPID(mp-1264182))]",131.0845825,187.1033149,641.112138,915.0901194,1.427347987,mp-1367462,mp-1264182,Cubic,204,Triclinic,1
mp-1041824_Al,Al0-1V(WO4)2,Al0V(WO4)2,Al1V(WO4)2,V(WO4)2,Al,1,0.14213655,0.174825364,"[InsertionVoltagePairDoc(max_delta_volume=0.21780938809864692, average_voltage=1.5385510633333368, capacity_grav=140.1755410413, capacity_vol=984.7915147179215, energy_grav=215.6672277224179, energy_vol=1515.1520321309056, fracA_charge=0.0, fracA_discharge=0.08333333333333333, formula_charge='V(WO4)2', formula_discharge='AlV(WO4)2', stability_charge=0.14213655045453777, stability_discharge=0.17482536416666683, id_charge=MPID(mp-1041824), id_discharge=MPID(mp-1047301))]",140.175541,215.6672277,984.7915147,1515.152032,1.538551063,mp-1041824,mp-1047301,Triclinic,2,Triclinic,2
mp-17477_Al,Al0.67-1FePO5,Al0.67FePO5,Al1FePO5,FePO5,Al,1,0.171383294,0.0,"[InsertionVoltagePairDoc(max_delta_volume=0.053075140395573595, average_voltage=3.324273199999995, capacity_grav=138.29646265652838, capacity_vol=420.3368427384461, energy_grav=459.7352244638974, energy_vol=1397.3145012880289, fracA_charge=0.08695652173913043, fracA_discharge=0.125, formula_charge='Al2Fe3(PO5)3', formula_discharge='AlFePO5', stability_charge=0.1713832944565219, stability_discharge=0.0, id_charge=MPID(mp-1259854), id_discharge=MPID(mp-17477))]",138.2964627,459.7352245,420.3368427,1397.314501,3.3242732,mp-1259854,mp-17477,Monoclinic,14,Monoclinic,14
mp-1042019_Al,Al0-0.5NiO2,Al0NiO2,Al0.5NiO2,NiO2,Al,1,0.459693679,0.102554239,"[InsertionVoltagePairDoc(max_delta_volume=0.10500207732447375, average_voltage=3.542889736666666, capacity_grav=385.88093608929074, capacity_vol=1946.115210339919, energy_grav=1367.133608046074, energy_vol=6894.8716050841895, fracA_charge=0.0, fracA_discharge=0.14285714285714285, formula_charge='NiO2', formula_discharge='Al(NiO2)2', stability_charge=0.4596936786111092, stability_discharge=0.10255423928571439, id_charge=MPID(mp-1042019), id_discharge=MPID(mp-1045504))]",385.8809361,1367.133608,1946.11521,6894.871605,3.542889737,mp-1042019,mp-1045504,Orthorhombic,74,Orthorhombic,74
mp-1249282_Al,Al0-0.67SiWO4,Al0SiWO4,Al0.67SiWO4,SiWO4,Al,1,0.269371734,0.710119023,"[InsertionVoltagePairDoc(max_delta_volume=0.05267044516340058, average_voltage=-0.22009553833332993, capacity_grav=182.37833953976227, capacity_vol=1307.9139728610276, energy_grav=-40.140658821342804, energy_vol=-287.86602995053215, fracA_charge=0.0, fracA_discharge=0.1, formula_charge='SiWO4', formula_discharge='Al2Si3(WO4)3', stability_charge=0.2693717340277786, stability_discharge=0.7101190233750003, id_charge=MPID(mp-1249282), id_discharge=MPID(mp-1328088))]",182.3783395,-40.14065882,1307.913973,-287.86603,-0.220095538,mp-1249282,mp-1328088,Cubic,230,Cubic,230
mp-34234_Al,Al1.67-2NiO4,Al1.67NiO4,Al2NiO4,NiO4,Al,1,0.130198929,0.00572429,"[InsertionVoltagePairDoc(max_delta_volume=0.019454614779632395, average_voltage=3.6907184350000044, capacity_grav=151.71730859639555, capacity_vol=663.2099602466794, energy_grav=559.9458677453017, energy_vol=2447.7212265580397, fracA_charge=0.25, fracA_discharge=0.2857142857142857, formula_charge='Al5(NiO4)3', formula_discharge='Al2NiO4', stability_charge=0.13019892908333475, stability_discharge=0.0057242899999963015, id_charge=MPID(mp-1260352), id_discharge=MPID(mp-34234))]",151.7173086,559.9458677,663.2099602,2447.721227,3.690718435,mp-1260352,mp-34234,Triclinic,1,Monoclinic,8
mp-1103718_Al,Al0-0.25VS2,Al0VS2,Al0.25VS2,VS2,Al,1,0.088185898,0.0,"[InsertionVoltagePairDoc(max_delta_volume=0.1113480787887362, average_voltage=1.1285195666666656, capacity_grav=165.01087609305333, capacity_vol=582.8969071436509, energy_grav=186.2180023838194, energy_vol=657.8105650610926, fracA_charge=0.0, fracA_discharge=0.07692307692307693, formula_charge='VS2', formula_discharge='Al(VS2)4', stability_charge=0.08818589750000072, stability_discharge=0.0, id_charge=MPID(mp-1405126), id_discharge=MPID(mp-1103718))]",165.0108761,186.2180024,582.8969071,657.8105651,1.128519567,mp-1405126,mp-1103718,Cubic,227,Cubic,216
mp-756851_Al,Al0-0.5CrO2,Al0CrO2,Al0.5CrO2,CrO2,Al,1,0.191386786,0.126894225,"[InsertionVoltagePairDoc(max_delta_volume=0.030939319195816495, average_voltage=2.1336719533333337, capacity_grav=412.3910930367469, capacity_vol=1764.9832125564103, energy_grav=879.9073090169843, energy_vol=3765.8951787357787, fracA_charge=0.0, fracA_discharge=0.14285714285714285, formula_charge='CrO2', formula_discharge='AlCr2O4', stability_charge=0.19138678583331803, stability_discharge=0.12689422511904702, id_charge=MPID(mp-1400837), id_discharge=MPID(mp-1393022))]",412.391093,879.907309,1764.983213,3765.895179,2.133671953,mp-1400837,mp-1393022,Cubic,227,Trigonal,166
mp-1041598_Al,Al0-1Fe(WO4)2,Al0Fe(WO4)2,Al1Fe(WO4)2,Fe(WO4)2,Al,1,0.155815602,0.068778446,"[InsertionVoltagePairDoc(max_delta_volume=0.07971148139305306, average_voltage=2.4579208100000023, capacity_grav=138.98738425691516, capacity_vol=1022.8943757701599, energy_grav=341.61998409253846, energy_vol=2514.193372637438, fracA_charge=0.0, fracA_discharge=0.08333333333333333, formula_charge='Fe(WO4)2', formula_discharge='AlFe(WO4)2', stability_charge=0.15581560204545397, stability_discharge=0.06877844583333292, id_charge=MPID(mp-1041598), id_discharge=MPID(mp-1043216))]",138.9873843,341.6199841,1022.894376,2514.193373,2.45792081,mp-1041598,mp-1043216,Monoclinic,13,Monoclinic,13
mp-1045632_Al,Al0-1Cu3(SnO3)4,Al0Cu3(SnO3)4,Al1Cu3(SnO3)4,Cu3(SnO3)4,Al,1,0.052015889,0.368135193,"[InsertionVoltagePairDoc(max_delta_volume=0.016797153003203835, average_voltage=0.3381868599999957, capacity_grav=90.90873518788351, capacity_vol=575.7896856206614, energy_grav=30.744139699761444, energy_vol=194.72450580043616, fracA_charge=0.0, fracA_discharge=0.05, formula_charge='Cu3(SnO3)4', formula_discharge='AlCu3(SnO3)4', stability_charge=0.052015888750002404, stability_discharge=0.36813519250000315, id_charge=MPID(mp-1375641), id_discharge=MPID(mp-1045632))]",90.90873519,30.7441397,575.7896856,194.7245058,0.33818686,mp-1375641,mp-1045632,Cubic,204,Cubic,204
mp-1043303_Al,Al0-1Fe4(CuO4)3,Al0Fe4(CuO4)3,Al1Fe4(CuO4)3,Fe4(CuO4)3,Al,1,0.083163129,0.273338529,"[InsertionVoltagePairDoc(max_delta_volume=0.02704011351605562, average_voltage=1.55990213, capacity_grav=127.02277505273375, capacity_vol=654.083162157098, energy_grav=198.14309736327024, energy_vol=1020.3057178459925, fracA_charge=0.0, fracA_discharge=0.05, formula_charge='Fe4(CuO4)3', formula_discharge='AlFe4(CuO4)3', stability_charge=0.0831631285197334, stability_discharge=0.27333852859374996, id_charge=MPID(mp-1043303), id_discharge=MPID(mp-1045728))]",127.0227751,198.1430974,654.0831622,1020.305718,1.55990213,mp-1043303,mp-1045728,Cubic,204,Cubic,204
mp-1133344_Al,Al0-4Fe13Si2(SbO14)2,Al0Fe13Si2(SbO14)2,Al4Fe13Si2(SbO14)2,Fe13Si2(SbO14)2,Al,1,0.798072913,0.208567549,"[InsertionVoltagePairDoc(max_delta_volume=0.053037900078518385, average_voltage=3.822717899999999, capacity_grav=203.35151236044265, capacity_vol=936.7393403059822, energy_grav=777.3554662923351, energy_vol=3580.8902438218684, fracA_charge=0.0, fracA_discharge=0.08163265306122448, formula_charge='Fe13Si2(SbO14)2', formula_discharge='Al4Fe13Si2(SbO14)2', stability_charge=0.7980729134999889, stability_discharge=0.20856754892856433, id_charge=MPID(mp-1333616), id_discharge=MPID(mp-1133344))]",203.3515124,777.3554663,936.7393403,3580.890244,3.8227179,mp-1333616,mp-1133344,Triclinic,2,Monoclinic,12
mp-1253012_Al,Al1.33-1.67FeO4,Al1.33FeO4,Al1.67FeO4,FeO4,Al,1,0.180364712,0.100053959,"[InsertionVoltagePairDoc(max_delta_volume=0.012549473549841705, average_voltage=3.3307426233333364, capacity_grav=162.6186723534666, capacity_vol=667.4778809272653, energy_grav=541.6409433575697, energy_vol=2223.197028136656, fracA_charge=0.21052631578947367, fracA_discharge=0.25, formula_charge='Al4(FeO4)3', formula_discharge='Al5(FeO4)3', stability_charge=0.18036471171052781, stability_discharge=0.10005395862500066, id_charge=MPID(mp-1253012), id_discharge=MPID(mp-1356833))]",162.6186724,541.6409434,667.4778809,2223.197028,3.330742623,mp-1253012,mp-1356833,Monoclinic,8,Monoclinic,12
mp-1045744_Al,Al0-1Mn4(CuO4)3,Al0Mn4(CuO4)3,Al1Mn4(CuO4)3,Mn4(CuO4)3,Al,1,0.046869738,0.242573328,"[InsertionVoltagePairDoc(max_delta_volume=0.01192334305975118, average_voltage=1.2819072133333336, capacity_grav=127.75496720874675, capacity_vol=687.4188771405447, energy_grav=163.77001400405595, energy_vol=881.2072171879649, fracA_charge=0.0, fracA_discharge=0.05, formula_charge='Mn4(CuO4)3', formula_discharge='Mn4Al(CuO4)3', stability_charge=0.0468697376754319, stability_discharge=0.24257332760937445, id_charge=MPID(mp-1275750), id_discharge=MPID(mp-1045744))]",127.7549672,163.770014,687.4188771,881.2072172,1.281907213,mp-1275750,mp-1045744,Cubic,204,Cubic,204
mp-6480_Al,Al0-0.67MnSiO4,Al0MnSiO4,Al0.67MnSiO4,MnSiO4,Al,2,0.491771903,0.009527369,"[InsertionVoltagePairDoc(max_delta_volume=0.02251006345101758, average_voltage=3.907351835833334, capacity_grav=171.7878579437685, capacity_vol=675.2150021021666, energy_grav=671.2356021104598, energy_vol=2638.3025780461094, fracA_charge=0.0, fracA_discharge=0.05263157894736842, formula_charge='MnSiO4', formula_discharge='Mn3Al(SiO4)3', stability_charge=0.4917719027777778, stability_discharge=0.24488308904606448, id_charge=MPID(mp-1249486), id_discharge=MPID(mp-1154487)), InsertionVoltagePairDoc(max_delta_volume=0.02368344146106338, average_voltage=3.528479273333327, capacity_grav=162.42451960554138, capacity_vol=659.5935567136444, energy_grav=573.1115509092754, energy_vol=2327.3621936883046, fracA_charge=0.05263157894736842, fracA_discharge=0.1, formula_charge='Mn3Al(SiO4)3', formula_discharge='Mn3Al2(SiO4)3', stability_charge=0.24488308904606448, stability_discharge=0.009527368899997057, id_charge=MPID(mp-1154487), id_discharge=MPID(mp-6480))]",324.8490392,1207.761296,1319.187113,4904.626288,3.717915555,mp-1249486,mp-6480,Cubic,230,Cubic,230
mvc-11882_Al,Al0.33-0.67CuO2,Al0.33CuO2,Al0.67CuO2,CuO2,Al,1,0.62995561,0.313941728,"[InsertionVoltagePairDoc(max_delta_volume=0.07261650423770205, average_voltage=3.6069589000000044, capacity_grav=236.0688167660088, capacity_vol=1071.629276493236, energy_grav=851.4905196466258, energy_vol=3865.3227563478426, fracA_charge=0.1, fracA_discharge=0.18181818181818182, formula_charge='Al(CuO2)3', formula_discharge='Al2(CuO2)3', stability_charge=0.6299556096875012, stability_discharge=0.31394172818180976, id_charge=MPID(mvc-11882), id_discharge=MPID(mp-1329157))]",236.0688168,851.4905196,1071.629276,3865.322756,3.6069589,mvc-11882,mp-1329157,Monoclinic,4,Monoclinic,4
mp-1157674_Al,Al0-0.67SiNiO4,Al0SiNiO4,Al0.67SiNiO4,SiNiO4,Al,1,0.527932646,0.108343042,"[InsertionVoltagePairDoc(max_delta_volume=0.0033887910467218507, average_voltage=4.08883888833333, capacity_grav=317.62047107528355, capacity_vol=1372.3081997199777, energy_grav=1298.6989338633712, energy_vol=5611.147133793747, fracA_charge=0.0, fracA_discharge=0.1, formula_charge='SiNiO4', formula_discharge='Al2Si3(NiO4)3', stability_charge=0.5279326462499991, stability_discharge=0.10834304249999693, id_charge=MPID(mp-1364379), id_discharge=MPID(mp-1157674))]",317.6204711,1298.698934,1372.3082,5611.147134,4.088838888,mp-1364379,mp-1157674,Cubic,230,Cubic,230
mp-1041693_Al,Al0-1Cr(WO4)2,Al0Cr(WO4)2,Al1Cr(WO4)2,Cr(WO4)2,Al,1,0.149560149,0.045965326,"[InsertionVoltagePairDoc(max_delta_volume=0.03608196455162482, average_voltage=2.4177194266666717, capacity_grav=139.9182915931944, capacity_vol=1028.585159800445, energy_grav=338.28317173087817, energy_vol=2486.8303228305786, fracA_charge=0.0, fracA_discharge=0.08333333333333333, formula_charge='Cr(WO4)2', formula_discharge='AlCr(WO4)2', stability_charge=0.14956014909091664, stability_discharge=0.04596532625000016, id_charge=MPID(mp-1041693), id_discharge=MPID(mp-1041805))]",139.9182916,338.2831717,1028.58516,2486.830323,2.417719427,mp-1041693,mp-1041805,Monoclinic,13,Monoclinic,13
mp-510321_Al,Al0-1Zr5Sn3,Al0Zr5Sn3,Al1Zr5Sn3,Zr5Sn3,Al,1,0.0,0.0,"[InsertionVoltagePairDoc(max_delta_volume=0.06462329796614252, average_voltage=0.2969728766666672, capacity_grav=95.80722332030298, capacity_vol=681.4151926872721, energy_grav=28.452146714876182, energy_vol=202.36182997671054, fracA_charge=0.0, fracA_discharge=0.1111111111111111, formula_charge='Zr5Sn3', formula_discharge='Zr5AlSn3', stability_charge=0.0, stability_discharge=0.0, id_charge=MPID(mp-510522), id_discharge=MPID(mp-510321))]",95.80722332,28.45214671,681.4151927,202.36183,0.296972877,mp-510522,mp-510321,Hexagonal,193,Hexagonal,193
mp-1041563_Al,Al0-1Mn(WO4)2,Al0Mn(WO4)2,Al1Mn(WO4)2,Mn(WO4)2,Al,1,0.149507362,0.057960331,"[InsertionVoltagePairDoc(max_delta_volume=0.03277804531252282, average_voltage=2.482539553333332, capacity_grav=139.20562601855823, capacity_vol=991.1964626464323, energy_grav=345.58347263759845, energy_vol=2460.684423643853, fracA_charge=0.0, fracA_discharge=0.08333333333333333, formula_charge='Mn(WO4)2', formula_discharge='MnAl(WO4)2', stability_charge=0.14950736204545123, stability_discharge=0.05796033124997635, id_charge=MPID(mp-1041563), id_discharge=MPID(mp-1578402))]",139.205626,345.5834726,991.1964626,2460.684424,2.482539553,mp-1041563,mp-1578402,Monoclinic,13,Monoclinic,7
mp-1041577_Al,Al0-1Sn(WO4)2,Al0Sn(WO4)2,Al1Sn(WO4)2,Sn(WO4)2,Al,1,0.096750214,0.09286592,"[InsertionVoltagePairDoc(max_delta_volume=0.04856877876436205, average_voltage=1.5586215216666635, capacity_grav=125.36422392530301, capacity_vol=974.644039204867, energy_grav=195.3953774570161, energy_vol=1519.101175468833, fracA_charge=0.0, fracA_discharge=0.08333333333333333, formula_charge='Sn(WO4)2', formula_discharge='AlSn(WO4)2', stability_charge=0.09675021363636382, stability_discharge=0.09286592000000127, id_charge=MPID(mp-1041577), id_discharge=MPID(mp-1042285))]",125.3642239,195.3953775,974.6440392,1519.101175,1.558621522,mp-1041577,mp-1042285,Monoclinic,13,Monoclinic,13
mp-1251690_Al,Al0-1CrO3,Al0CrO3,Al1CrO3,CrO3,Al,1,0.785474695,0.352142375,"[InsertionVoltagePairDoc(max_delta_volume=0.017405558046947656, average_voltage=3.211509198888887, capacity_grav=633.2263233904067, capacity_vol=2613.881854932261, energy_grav=2033.6121625468804, energy_vol=8394.505621923703, fracA_charge=0.0, fracA_discharge=0.2, formula_charge='CrO3', formula_discharge='AlCrO3', stability_charge=0.7854746949166671, stability_discharge=0.3521423754999997, id_charge=MPID(mp-1330490), id_discharge=MPID(mp-1251690))]",633.2263234,2033.612163,2613.881855,8394.505622,3.211509199,mp-1330490,mp-1251690,Hexagonal,185,Hexagonal,185
mp-1041585_Al,Al0-1Re(WO4)2,Al0Re(WO4)2,Al1Re(WO4)2,Re(WO4)2,Al,1,0.193665632,0.259546785,"[InsertionVoltagePairDoc(max_delta_volume=0.027760310768535357, average_voltage=1.1733275933333331, capacity_grav=113.42722029326792, capacity_vol=986.9613108623635, energy_grav=133.08728740518987, energy_vol=1158.0289395872485, fracA_charge=0.0, fracA_discharge=0.08333333333333333, formula_charge='Re(WO4)2', formula_discharge='AlRe(WO4)2', stability_charge=0.1936656315384564, stability_discharge=0.25954678486110616, id_charge=MPID(mp-1041585), id_discharge=MPID(mp-1042310))]",113.4272203,133.0872874,986.9613109,1158.02894,1.173327593,mp-1041585,mp-1042310,Monoclinic,13,Monoclinic,13
mp-25262_Al,Al0-0.5TiO2,Al0TiO2,Al0.5TiO2,TiO2,Al,1,0.17880552,0.063553477,"[InsertionVoltagePairDoc(max_delta_volume=0.026392341277833076, average_voltage=0.7530239699999987, capacity_grav=430.6308813561537, capacity_vol=1824.5674930384996, energy_grav=324.27537588340925, energy_vol=1373.9430571407959, fracA_charge=0.0, fracA_discharge=0.14285714285714285, formula_charge='TiO2', formula_discharge='Ti2AlO4', stability_charge=0.17880551999999916, stability_discharge=0.0635534774999762, id_charge=MPID(mp-25262), id_discharge=MPID(mp-1262424))]",430.6308814,324.2753759,1824.567493,1373.943057,0.75302397,mp-25262,mp-1262424,Cubic,227,Cubic,227
mp-560917_Al,Al0-4Mn13Si2(SbO14)2,Al0Mn13Si2(SbO14)2,Al4Mn13Si2(SbO14)2,Mn13Si2(SbO14)2,Al,1,0.248039845,0.0,"[InsertionVoltagePairDoc(max_delta_volume=0.07419927807620885, average_voltage=2.924427474166665, capacity_grav=204.87884479185158, capacity_vol=898.1041305522059, energy_grav=599.1533225848187, energy_vol=2626.4403940494362, fracA_charge=0.0, fracA_discharge=0.08163265306122448, formula_charge='Mn13Si2(SbO14)2', formula_discharge='Mn13Al4Si2(SbO14)2', stability_charge=0.2480398446944463, stability_discharge=0.0, id_charge=MPID(mp-1931800), id_discharge=MPID(mp-560917))]",204.8788448,599.1533226,898.1041306,2626.440394,2.924427474,mp-1931800,mp-560917,Monoclinic,8,Monoclinic,12
mp-1385937_Al,Al0-1CrO3,Al0CrO3,Al1CrO3,CrO3,Al,1,0.936153801,0.374911019,"[InsertionVoltagePairDoc(max_delta_volume=0.052238171188229154, average_voltage=3.3744669333333355, capacity_grav=633.2263233904066, capacity_vol=2597.4285113483897, energy_grav=2136.8012895971683, energy_vol=8764.93662324237, fracA_charge=0.0, fracA_discharge=0.2, formula_charge='CrO3', formula_discharge='AlCrO3', stability_charge=0.9361538007500014, stability_discharge=0.37491101949999894, id_charge=MPID(mp-1387606), id_discharge=MPID(mp-1385937))]",633.2263234,2136.80129,2597.428511,8764.936623,3.374466933,mp-1387606,mp-1385937,Hexagonal,194,Hexagonal,194
mp-1257650_Al,Al0-1Re(WO4)2,Al0Re(WO4)2,Al1Re(WO4)2,Re(WO4)2,Al,1,0.394490182,0.378450394,"[InsertionVoltagePairDoc(max_delta_volume=0.13288198089941394, average_voltage=1.4340698399999994, capacity_grav=113.42722029326792, capacity_vol=935.2439104627964, energy_grav=162.66255565761142, energy_vol=1341.2050850383562, fracA_charge=0.0, fracA_discharge=0.08333333333333333, formula_charge='Re(WO4)2', formula_discharge='AlRe(WO4)2', stability_charge=0.3944901815384547, stability_discharge=0.37845039402777303, id_charge=MPID(mp-1780696), id_discharge=MPID(mp-1257650))]",113.4272203,162.6625557,935.2439105,1341.205085,1.43406984,mp-1780696,mp-1257650,Triclinic,2,Triclinic,1
mp-1043077_Al,Al0-1Cu3(WO3)4,Al0Cu3(WO3)4,Al1Cu3(WO3)4,Cu3(WO3)4,Al,1,0.161963175,0.434394718,"[InsertionVoltagePairDoc(max_delta_volume=0.049159394930084366, average_voltage=-0.289463153333332, capacity_grav=70.22391784102415, capacity_vol=576.7871951136681, energy_grav=-20.32723669768368, energy_vol=-166.9586402998902, fracA_charge=0.0, fracA_discharge=0.05, formula_charge='Cu3(WO3)4', formula_discharge='AlCu3(WO3)4', stability_charge=0.16196317526315873, stability_discharge=0.43439471844227384, id_charge=MPID(mp-1043077), id_discharge=MPID(mp-1045892))]",70.22391784,-20.3272367,576.7871951,-166.9586403,-0.289463153,mp-1043077,mp-1045892,Cubic,204,Triclinic,2
mp-1359741_Al,Al1.33-1.67FeO4,Al1.33FeO4,Al1.67FeO4,FeO4,Al,1,0.186489904,0.063306307,"[InsertionVoltagePairDoc(max_delta_volume=0.00533672671069918, average_voltage=3.614519853333327, capacity_grav=162.6186723534666, capacity_vol=655.9407460260825, energy_grav=587.7884197443125, energy_vol=2370.910849121549, fracA_charge=0.21052631578947367, fracA_discharge=0.25, formula_charge='Al4(FeO4)3', formula_discharge='Al5(FeO4)3', stability_charge=0.186489904342106, stability_discharge=0.06330630712499996, id_charge=MPID(mp-1360164), id_discharge=MPID(mp-1359741))]",162.6186724,587.7884197,655.940746,2370.910849,3.614519853,mp-1360164,mp-1359741,Monoclinic,12,Monoclinic,12
mp-1042107_Al,Al0-1W3O8,Al0W3O8,Al1W3O8,W3O8,Al,1,0.087736111,0.057309637,"[InsertionVoltagePairDoc(max_delta_volume=0.043540474467091306, average_voltage=1.662394503333334, capacity_grav=113.80723935884237, capacity_vol=973.6551926930781, energy_grav=189.1925291496806, energy_vol=1618.5990404749311, fracA_charge=0.0, fracA_discharge=0.08333333333333333, formula_charge='W3O8', formula_discharge='AlW3O8', stability_charge=0.08773611125874048, stability_discharge=0.0573096370833337, id_charge=MPID(mp-1042656), id_discharge=MPID(mp-1042107))]",113.8072394,189.1925291,973.6551927,1618.59904,1.662394503,mp-1042656,mp-1042107,Monoclinic,13,Triclinic,2
mp-30_Al,Al0-2Cu,Al0Cu,Al2Cu,Cu,Al,1,0.0,0.0,"[InsertionVoltagePairDoc(max_delta_volume=3.043399166099431, average_voltage=0.08903311500000004, capacity_grav=1368.4805523447967, capacity_vol=5562.790129820172, energy_grav=121.84008639217785, energy_vol=495.27253334914457, fracA_charge=0.0, fracA_discharge=0.6666666666666666, formula_charge='Cu', formula_discharge='Al2Cu', stability_charge=0.0, stability_discharge=0.0, id_charge=MPID(mp-30), id_discharge=MPID(mp-985806))]",1368.480552,121.8400864,5562.79013,495.2725333,0.089033115,mp-30,mp-985806,Cubic,225,Cubic,225
mp-25275_Al,Al0-0.5MnO2,Al0MnO2,Al0.5MnO2,MnO2,Al,1,0.032933879,0.117341607,"[InsertionVoltagePairDoc(max_delta_volume=0.09340570888855404, average_voltage=2.128263251666669, capacity_grav=400.3104325265829, capacity_vol=1745.7295933612509, energy_grav=851.9659828051159, energy_vol=3715.372140897747, fracA_charge=0.0, fracA_discharge=0.14285714285714285, formula_charge='MnO2', formula_discharge='Mn2AlO4', stability_charge=0.032933879166668234, stability_discharge=0.11734160678571293, id_charge=MPID(mp-25275), id_discharge=MPID(mp-1011710))]",400.3104325,851.9659828,1745.729593,3715.372141,2.128263252,mp-25275,mp-1011710,Cubic,227,Trigonal,166
mp-755882_Al,Al0-2MnO4,Al0MnO4,Al2MnO4,MnO4,Al,1,0.510180403,0.0,"[InsertionVoltagePairDoc(max_delta_volume=0.1432231230051093, average_voltage=3.0779437074999993, capacity_grav=930.0756236137374, capacity_vol=3727.8550340946094, energy_grav=2862.720413201041, energy_vol=11474.127944663698, fracA_charge=0.0, fracA_discharge=0.2857142857142857, formula_charge='MnO4', formula_discharge='MnAl2O4', stability_charge=0.510180402500005, stability_discharge=0.0, id_charge=MPID(mp-1221594), id_discharge=MPID(mp-755882))]",930.0756236,2862.720413,3727.855034,11474.12794,3.077943707,mp-1221594,mp-755882,Tetragonal,141,Cubic,227
mp-16722_Al,Al1-10.25V,Al1V,Al10.25V,V,Al,1,0.011809663,0.012586074,"[InsertionVoltagePairDoc(max_delta_volume=0.0027108033523548514, average_voltage=-0.01558272333334069, capacity_grav=61.37701219331353, capacity_vol=176.41513079509815, energy_grav=-0.9564210000354828, energy_vol=-2.7490281749951255, fracA_charge=0.9090909090909091, fracA_discharge=0.9111111111111111, formula_charge='Al10V', formula_discharge='Al41V4', stability_charge=0.01180966318181742, stability_discharge=0.01258607444444415, id_charge=MPID(mp-16722), id_discharge=MPID(mp-1229052))]",61.37701219,-0.956421,176.4151308,-2.749028175,-0.015582723,mp-16722,mp-1229052,Cubic,227,Cubic,216
mp-1041572_Al,Al0-1Bi(WO4)2,Al0Bi(WO4)2,Al1Bi(WO4)2,Bi(WO4)2,Al,1,0.09056296,0.075019095,"[InsertionVoltagePairDoc(max_delta_volume=0.010149520944280344, average_voltage=2.042725291666668, capacity_grav=109.89661294387945, capacity_vol=849.7992489346628, energy_grav=224.48859072896508, energy_vol=1735.9064186381745, fracA_charge=0.0, fracA_discharge=0.08333333333333333, formula_charge='Bi(WO4)2', formula_discharge='AlBi(WO4)2', stability_charge=0.09056296034090927, stability_discharge=0.07501909541663743, id_charge=MPID(mp-1041572), id_discharge=MPID(mp-1042146))]",109.8966129,224.4885907,849.7992489,1735.906419,2.042725292,mp-1041572,mp-1042146,Monoclinic,13,Monoclinic,13
mp-91_Al,Al0-12W,Al0W,Al12W,W,Al,1,0.0,0.0,"[InsertionVoltagePairDoc(max_delta_volume=12.494597710468973, average_voltage=0.029234205833333252, capacity_grav=1900.7451288330128, capacity_vol=7332.71861237705, energy_grav=55.566774333009825, energy_vol=214.36620523214447, fracA_charge=0.0, fracA_discharge=0.9230769230769231, formula_charge='W', formula_discharge='Al12W', stability_charge=0.0, stability_discharge=0.0, id_charge=MPID(mp-91), id_discharge=MPID(mp-11227))]",1900.745129,55.56677433,7332.718612,214.3662052,0.029234206,mp-91,mp-11227,Cubic,229,Cubic,204
mp-1045348_Al,Al0-0.5CoS2,Al0CoS2,Al0.5CoS2,CoS2,Al,1,0.098499989,0.104341236,"[InsertionVoltagePairDoc(max_delta_volume=0.10574975261368369, average_voltage=0.7866784699999982, capacity_grav=294.40537976418045, capacity_vol=1197.094278089556, energy_grav=231.60237371265393, energy_vol=941.7282951332443, fracA_charge=0.0, fracA_discharge=0.14285714285714285, formula_charge='CoS2', formula_discharge='Al(CoS2)2', stability_charge=0.09849998916666713, stability_discharge=0.1043412358630933, id_charge=MPID(mp-1390701), id_discharge=MPID(mp-1045348))]",294.4053798,231.6023737,1197.094278,941.7282951,0.78667847,mp-1390701,mp-1045348,Cubic,227,Cubic,227
mp-1045600_Al,Al0-1Ti4(CuO4)3,Al0Ti4(CuO4)3,Al1Ti4(CuO4)3,Ti4(CuO4)3,Al,1,0.058274807,0.305536579,"[InsertionVoltagePairDoc(max_delta_volume=0.013120458439588978, average_voltage=0.7951507666666681, capacity_grav=133.7665504470914, capacity_vol=650.7531926176719, energy_grav=106.36457514236025, energy_vol=517.4469000207237, fracA_charge=0.0, fracA_discharge=0.05, formula_charge='Ti4(CuO4)3', formula_discharge='Ti4Al(CuO4)3', stability_charge=0.05827480664473139, stability_discharge=0.3055365785000017, id_charge=MPID(mp-1345714), id_discharge=MPID(mp-1045600))]",133.7665504,106.3645751,650.7531926,517.4469,0.795150767,mp-1345714,mp-1045600,Cubic,204,Cubic,204
mp-753184_Al,Al0-0.5CoO2,Al0CoO2,Al0.5CoO2,CoO2,Al,1,0.25381203,0.031937336,"[InsertionVoltagePairDoc(max_delta_volume=0.1281745841798998, average_voltage=3.159547659999999, capacity_grav=384.99480441398197, capacity_vol=1900.5862197124038, energy_grav=1216.409433398354, energy_vol=6004.99274312057, fracA_charge=0.0, fracA_discharge=0.14285714285714285, formula_charge='CoO2', formula_discharge='Al(CoO2)2', stability_charge=0.25381203000000063, stability_discharge=0.031937336071377054, id_charge=MPID(mp-1041988), id_discharge=MPID(mp-753184))]",384.9948044,1216.409433,1900.58622,6004.992743,3.15954766,mp-1041988,mp-753184,Orthorhombic,74,Orthorhombic,74
mp-1044615_Al,Al0-4Cr13Si2(SbO14)2,Al0Cr13Si2(SbO14)2,Al4Cr13Si2(SbO14)2,Cr13Si2(SbO14)2,Al,1,0.395948873,0.146775401,"[InsertionVoltagePairDoc(max_delta_volume=0.05669691134872945, average_voltage=2.2345647274999982, capacity_grav=209.99500265655027, capacity_vol=925.3855599314697, energy_grav=469.2474258875957, energy_vol=2067.833931560698, fracA_charge=0.0, fracA_discharge=0.08163265306122448, formula_charge='Cr13Si2(SbO14)2', formula_discharge='Al4Cr13Si2(SbO14)2', stability_charge=0.3959488726111111, stability_discharge=0.14677540102040965, id_charge=MPID(mp-1044615), id_discharge=MPID(mp-1044864))]",209.9950027,469.2474259,925.3855599,2067.833932,2.234564727,mp-1044615,mp-1044864,Monoclinic,12,Monoclinic,12
mp-1257684_Al,Al0.33-0.67CuSe2,Al0.33CuSe2,Al0.67CuSe2,CuSe2,Al,1,0.201698511,0.079038712,"[InsertionVoltagePairDoc(max_delta_volume=0.13736409878210565, average_voltage=1.1332984600000013, capacity_grav=111.92761688799872, capacity_vol=528.1582732453917, energy_grav=126.8473958506391, energy_vol=598.5609577052624, fracA_charge=0.1, fracA_discharge=0.18181818181818182, formula_charge='Al(CuSe2)3', formula_discharge='Al2(CuSe2)3', stability_charge=0.20169851099999736, stability_discharge=0.07903871227272408, id_charge=MPID(mp-1346055), id_discharge=MPID(mp-1257684))]",111.9276169,126.8473959,528.1582732,598.5609577,1.13329846,mp-1346055,mp-1257684,Tetragonal,122,Tetragonal,122
mp-25428_Al,Al0-0.5NiO2,Al0NiO2,Al0.5NiO2,NiO2,Al,1,0.140188005,0.013075619,"[InsertionVoltagePairDoc(max_delta_volume=0.10380300277024479, average_voltage=3.1126618366666676, capacity_grav=385.88093608929074, capacity_vol=1931.7753370134617, energy_grav=1201.1168632623446, energy_vol=6012.963368535692, fracA_charge=0.0, fracA_discharge=0.14285714285714285, formula_charge='NiO2', formula_discharge='Al(NiO2)2', stability_charge=0.14018800527777664, stability_discharge=0.013075619285714879, id_charge=MPID(mp-25428), id_discharge=MPID(mp-768600))]",385.8809361,1201.116863,1931.775337,6012.963369,3.112661837,mp-25428,mp-768600,Cubic,227,Cubic,227
mp-504097_Al,Al0-0.5CoO2,Al0CoO2,Al0.5CoO2,CoO2,Al,1,0.057328405,0.134355431,"[InsertionVoltagePairDoc(max_delta_volume=0.1135640256776902, average_voltage=2.527604855, capacity_grav=384.99480441398197, capacity_vol=1888.4059452569554, energy_grav=973.1147367865563, energy_vol=4773.144035442345, fracA_charge=0.0, fracA_discharge=0.14285714285714285, formula_charge='CoO2', formula_discharge='Al(CoO2)2', stability_charge=0.057328404999999805, stability_discharge=0.13435543107137615, id_charge=MPID(mp-1278937), id_discharge=MPID(mp-1442788))]",384.9948044,973.1147368,1888.405945,4773.144035,2.527604855,mp-1278937,mp-1442788,Tetragonal,141,Cubic,227
mp-1041685_Al,Al0-1Co(WO4)2,Al0Co(WO4)2,Al1Co(WO4)2,Co(WO4)2,Al,1,0.196585995,0.050496724,"[InsertionVoltagePairDoc(max_delta_volume=0.0329335514865281, average_voltage=2.838273530000002, capacity_grav=138.24937260931245, capacity_vol=1016.2250014463184, energy_grav=392.38953481611884, energy_vol=2884.3245221292996, fracA_charge=0.0, fracA_discharge=0.08333333333333333, formula_charge='Co(WO4)2', formula_discharge='AlCo(WO4)2', stability_charge=0.19658599454545644, stability_discharge=0.05049672370192404, id_charge=MPID(mp-1047617), id_discharge=MPID(mp-1252502))]",138.2493726,392.3895348,1016.225001,2884.324522,2.83827353,mp-1047617,mp-1252502,Monoclinic,13,Triclinic,2
mp-1248275_Al,Al1.33-1.67NiO4,Al1.33NiO4,Al1.67NiO4,NiO4,Al,1,0.156448186,0.095058947,"[InsertionVoltagePairDoc(max_delta_volume=0.009490550580085522, average_voltage=3.2199078033333355, capacity_grav=159.85592400480414, capacity_vol=682.7091803467544, energy_grav=514.7213371121295, energy_vol=2198.26061720582, fracA_charge=0.21052631578947367, fracA_discharge=0.25, formula_charge='Al4(NiO4)3', formula_discharge='Al5(NiO4)3', stability_charge=0.1564481864912386, stability_discharge=0.0950589473333352, id_charge=MPID(mp-1248275), id_discharge=MPID(mp-1380716))]",159.855924,514.7213371,682.7091803,2198.260617,3.219907803,mp-1248275,mp-1380716,Triclinic,2,Monoclinic,12
mp-4979_Al,Al0.67-1CuS2,Al0.67CuS2,Al1CuS2,CuS2,Al,1,0.113229098,0.0,"[InsertionVoltagePairDoc(max_delta_volume=0.03799325565357492, average_voltage=1.3964324566666648, capacity_grav=173.29566594669635, capacity_vol=595.4427884518274, energy_grav=241.99569252763087, energy_vol=831.4956358822345, fracA_charge=0.18181818181818182, fracA_discharge=0.25, formula_charge='Al2(CuS2)3', formula_discharge='AlCuS2', stability_charge=0.11322909772727296, stability_discharge=0.0, id_charge=MPID(mp-1264825), id_discharge=MPID(mp-4979))]",173.2956659,241.9956925,595.4427885,831.4956359,1.396432457,mp-1264825,mp-4979,Tetragonal,122,Tetragonal,122
mp-504110_Al,Al0-0.5WO2,Al0WO2,Al0.5WO2,WO2,Al,1,0.487485004,0.612836993,"[InsertionVoltagePairDoc(max_delta_volume=0.14039259684677408, average_voltage=0.8731444433333331, capacity_grav=175.30326263969414, capacity_vol=1612.5627105861688, energy_grav=153.06506967205283, energy_vol=1408.0001702748511, fracA_charge=0.0, fracA_discharge=0.14285714285714285, formula_charge='WO2', formula_discharge='Al(WO2)2', stability_charge=0.4874850041666665, stability_discharge=0.6128369933928539, id_charge=MPID(mp-504110), id_discharge=MPID(mp-1400230))]",175.3032626,153.0650697,1612.562711,1408.00017,0.873144443,mp-504110,mp-1400230,Cubic,227,Trigonal,166
mp-1143876_Al,Al0-0.67VSiO4,Al0VSiO4,Al0.67VSiO4,VSiO4,Al,1,0.41322929,0.092404173,"[InsertionVoltagePairDoc(max_delta_volume=0.1540462167809633, average_voltage=2.2454925879166674, capacity_grav=332.91223602706606, capacity_vol=1313.6104865142402, energy_grav=747.551958425541, energy_vol=2949.702610877334, fracA_charge=0.0, fracA_discharge=0.1, formula_charge='VSiO4', formula_discharge='Al2V3(SiO4)3', stability_charge=0.4132292897222225, stability_discharge=0.09240417306250137, id_charge=MPID(mp-1143876), id_discharge=MPID(mp-1163942))]",332.912236,747.5519584,1313.610487,2949.702611,2.245492588,mp-1143876,mp-1163942,Cubic,230,Cubic,230
mp-3747_Al,Al0-1Ti3C2,Al0Ti3C2,Al1Ti3C2,Ti3C2,Al,1,0.049715244,0.0,"[InsertionVoltagePairDoc(max_delta_volume=0.2431198281650384, average_voltage=0.38945833000000124, capacity_grav=413.1696614905598, capacity_vol=1738.5614320732348, energy_grav=160.91236637077924, energy_vol=677.0972319376526, fracA_charge=0.0, fracA_discharge=0.16666666666666666, formula_charge='Ti3C2', formula_discharge='Ti3AlC2', stability_charge=0.04971524400000149, stability_discharge=0.0, id_charge=MPID(mp-1094034), id_discharge=MPID(mp-3747))]",413.1696615,160.9123664,1738.561432,677.0972319,0.38945833,mp-1094034,mp-3747,Hexagonal,194,Hexagonal,194
mp-1055908_Al,Al0-12Mn,Al0Mn,Al12Mn,Mn,Al,1,0.145464322,0.0,"[InsertionVoltagePairDoc(max_delta_volume=18.236156337761482, average_voltage=0.03973135916666667, capacity_grav=2547.6928001341876, capacity_vol=7592.91608289565, energy_grav=101.22329768846213, energy_vol=301.67687601188686, fracA_charge=0.0, fracA_discharge=0.9230769230769231, formula_charge='Mn', formula_discharge='MnAl12', stability_charge=0.14546432206896398, stability_discharge=0.0, id_charge=MPID(mp-1055908), id_discharge=MPID(mp-1104165))]",2547.6928,101.2232977,7592.916083,301.676876,0.039731359,mp-1055908,mp-1104165,Cubic,229,Cubic,204
mp-1022721_Al,Al1-3Cu,Al1Cu,Al3Cu,Cu,Al,1,0.074061238,0.096245835,"[InsertionVoltagePairDoc(max_delta_volume=1.2436527620376623, average_voltage=-0.021586344999999934, capacity_grav=1112.936545960678, capacity_vol=4418.979753458019, energy_grav=-24.024232244215476, energy_vol=-95.38962150615946, fracA_charge=0.5, fracA_discharge=0.75, formula_charge='AlCu', formula_discharge='Al3Cu', stability_charge=0.07406123800000142, stability_discharge=0.09624583499999995, id_charge=MPID(mp-1022721), id_discharge=MPID(mp-1183161))]",1112.936546,-24.02423224,4418.979753,-95.38962151,-0.021586345,mp-1022721,mp-1183161,Cubic,221,Cubic,221
mp-1045438_Al,Al0-0.5FeS2,Al0FeS2,Al0.5FeS2,FeS2,Al,1,0.250639878,0.22980712,"[InsertionVoltagePairDoc(max_delta_volume=0.15311436174268978, average_voltage=0.5827683000000002, capacity_grav=301.2174726815578, capacity_vol=1143.8837344728627, energy_grav=175.53999448492794, energy_vol=666.6191793364019, fracA_charge=0.0, fracA_discharge=0.14285714285714285, formula_charge='FeS2', formula_discharge='Al(FeS2)2', stability_charge=0.2506398783333337, stability_discharge=0.22980712047618645, id_charge=MPID(mp-1393120), id_discharge=MPID(mp-1045438))]",301.2174727,175.5399945,1143.883734,666.6191793,0.5827683,mp-1393120,mp-1045438,Trigonal,166,Orthorhombic,74
mp-37405_Al,Al4.33-5CuSe8,Al4.33CuSe8,Al5CuSe8,CuSe8,Al,1,0.087756738,0.019969482,"[InsertionVoltagePairDoc(max_delta_volume=0.02363628267897, average_voltage=1.196037241666667, capacity_grav=64.5714813682762, capacity_vol=296.78296046592476, energy_grav=77.22989646604364, energy_vol=354.9634734093321, fracA_charge=0.325, fracA_discharge=0.35714285714285715, formula_charge='Al13(CuSe8)3', formula_discharge='Al5CuSe8', stability_charge=0.0877567376250008, stability_discharge=0.019969482499995195, id_charge=MPID(mp-1264143), id_discharge=MPID(mp-37405))]",64.57148137,77.22989647,296.7829605,354.9634734,1.196037242,mp-1264143,mp-37405,Monoclinic,8,Cubic,216
mp-2658_Al,Al0-1Fe,Al0Fe,Al1Fe,Fe,Al,1,0.7613994,0.0,"[InsertionVoltagePairDoc(max_delta_volume=0.7711538538175469, average_voltage=0.47172873000000004, capacity_grav=970.7570157482313, capacity_vol=5622.356217978021, energy_grav=457.9339741775032, energy_vol=2652.226958314375, fracA_charge=0.0, fracA_discharge=0.5, formula_charge='Fe', formula_discharge='AlFe', stability_charge=0.7613994000000002, stability_discharge=0.0, id_charge=MPID(mp-568345), id_discharge=MPID(mp-2658))]",970.7570157,457.9339742,5622.356218,2652.226958,0.47172873,mp-568345,mp-2658,Cubic,221,Cubic,221
mp-2649_Al,Al0-1Zr5Sb3,Al0Zr5Sb3,Al1Zr5Sb3,Zr5Sb3,Al,1,0.008628325,0.0,"[InsertionVoltagePairDoc(max_delta_volume=0.06079983710294412, average_voltage=0.3568585166666646, capacity_grav=94.77391925427226, capacity_vol=690.600977112563, energy_grav=33.82088024376584, energy_vol=246.44684030093845, fracA_charge=0.0, fracA_discharge=0.1111111111111111, formula_charge='Zr5Sb3', formula_discharge='Zr5AlSb3', stability_charge=0.008628325312499463, stability_discharge=0.0, id_charge=MPID(mp-2649), id_discharge=MPID(mp-1106245))]",94.77391925,33.82088024,690.6009771,246.4468403,0.356858517,mp-2649,mp-1106245,Hexagonal,193,Hexagonal,193
mp-1041809_Al,Al0-1Ta(WO4)2,Al0Ta(WO4)2,Al1Ta(WO4)2,Ta(WO4)2,Al,1,0.142648375,0.119989299,"[InsertionVoltagePairDoc(max_delta_volume=0.042488997542437845, average_voltage=1.6366861016666663, capacity_grav=114.27503644884642, capacity_vol=978.2679455745667, energy_grav=187.03236392327864, energy_vol=1601.1175502278961, fracA_charge=0.0, fracA_discharge=0.08333333333333333, formula_charge='Ta(WO4)2', formula_discharge='TaAl(WO4)2', stability_charge=0.14264837477264614, stability_discharge=0.11998929875000108, id_charge=MPID(mp-1041809), id_discharge=MPID(mp-1047653))]",114.2750364,187.0323639,978.2679456,1601.11755,1.636686102,mp-1041809,mp-1047653,Monoclinic,13,Monoclinic,13
mp-1112_Al,Al0-2CeCo2,Al0CeCo2,Al2CeCo2,CeCo2,Al,1,0.0,0.058836432,"[InsertionVoltagePairDoc(max_delta_volume=7.456846752401267, average_voltage=0.053297254166666676, capacity_grav=2016.1262944678356, capacity_vol=7150.398263463074, energy_grav=107.4539955483521, energy_vol=381.09659364068347, fracA_charge=0.0, fracA_discharge=0.8695652173913043, formula_charge='CeCo2', formula_discharge='Ce(Al10Co)2', stability_charge=0.0, stability_discharge=0.05883643188405685, id_charge=MPID(mp-1112), id_discharge=MPID(mp-16966))]",2016.126294,107.4539955,7150.398263,381.0965936,0.053297254,mp-1112,mp-16966,Cubic,227,Cubic,227
mp-1043136_Al,Al0-1Cr4(CuO4)3,Al0Cr4(CuO4)3,Al1Cr4(CuO4)3,Cr4(CuO4)3,Al,1,0.02462054,0.214552979,"[InsertionVoltagePairDoc(max_delta_volume=0.01711054051412031, average_voltage=1.3740032533333348, capacity_grav=130.18922933167784, capacity_vol=678.4271190770517, energy_grav=178.88042465068497, energy_vol=932.1610687614308, fracA_charge=0.0, fracA_discharge=0.05, formula_charge='Cr4(CuO4)3', formula_discharge='AlCr4(CuO4)3', stability_charge=0.02462053980263157, stability_discharge=0.21455297912499116, id_charge=MPID(mp-1043136), id_discharge=MPID(mp-1045721))]",130.1892293,178.8804247,678.4271191,932.1610688,1.374003253,mp-1043136,mp-1045721,Cubic,204,Cubic,204
mp-1252778_Al,Al1.33-1.67CoO4,Al1.33CoO4,Al1.67CoO4,CoO4,Al,1,0.187098711,0.080639414,"[InsertionVoltagePairDoc(max_delta_volume=0.011840172744434163, average_voltage=3.425539399999991, capacity_grav=159.62761760003482, capacity_vol=666.5726713169674, energy_grav=546.8106934170513, energy_vol=2283.370948559516, fracA_charge=0.21052631578947367, fracA_discharge=0.25, formula_charge='Al4(CoO4)3', formula_discharge='Al5(CoO4)3', stability_charge=0.18709871131579092, stability_discharge=0.08063941437500777, id_charge=MPID(mp-1253319), id_discharge=MPID(mp-1252778))]",159.6276176,546.8106934,666.5726713,2283.370949,3.4255394,mp-1253319,mp-1252778,Monoclinic,12,Monoclinic,12
mp-1389151_Al,Al0-1MoO3,Al0MoO3,Al1MoO3,MoO3,Al,1,0.96487423,0.580165984,"[InsertionVoltagePairDoc(max_delta_volume=0.019820138534113907, average_voltage=2.1250424300000006, capacity_grav=470.422223288444, capacity_vol=2334.636386490377, energy_grav=999.667184502878, energy_vol=4961.201379913931, fracA_charge=0.0, fracA_discharge=0.2, formula_charge='MoO3', formula_discharge='AlMoO3', stability_charge=0.9648742303124997, stability_discharge=0.580165983625001, id_charge=MPID(mp-1396061), id_discharge=MPID(mp-1389151))]",470.4222233,999.6671845,2334.636386,4961.20138,2.12504243,mp-1396061,mp-1389151,Hexagonal,194,Hexagonal,194
mp-1364577_Al,Al0-0.67TiSiO4,Al0TiSiO4,Al0.67TiSiO4,TiSiO4,Al,1,0.421186273,0.213660107,"[InsertionVoltagePairDoc(max_delta_volume=0.11318124290210685, average_voltage=1.1091522687500042, capacity_grav=339.39288042579847, capacity_vol=1344.1707026297734, energy_grav=376.43838332187323, energy_vol=1490.8899844091004, fracA_charge=0.0, fracA_discharge=0.1, formula_charge='TiSiO4', formula_discharge='Ti3Al2(SiO4)3', stability_charge=0.42118627319444, stability_discharge=0.21366010667857083, id_charge=MPID(mp-1364577), id_discharge=MPID(mp-1364639))]",339.3928804,376.4383833,1344.170703,1490.889984,1.109152269,mp-1364577,mp-1364639,Cubic,230,Cubic,230
mp-631551_Al,Al1-2MnTc,Al1MnTc,Al2MnTc,MnTc,Al,1,0.750182412,0.019322626,"[InsertionVoltagePairDoc(max_delta_volume=0.13283198683119735, average_voltage=0.8743090899999995, capacity_grav=388.61289190287283, capacity_vol=2385.906953245905, energy_grav=339.7677838818689, energy_vol=2086.0201371170983, fracA_charge=0.3333333333333333, fracA_discharge=0.5, formula_charge='MnAlTc', formula_discharge='MnAl2Tc', stability_charge=0.7501824120114939, stability_discharge=0.01932262607143098, id_charge=MPID(mp-631551), id_discharge=MPID(mp-1185976))]",388.6128919,339.7677839,2385.906953,2086.020137,0.87430909,mp-631551,mp-1185976,Cubic,216,Cubic,225
mp-1197460_Al,Al4-4.5Fe(SiO6)2,Al4Fe(SiO6)2,Al4.5Fe(SiO6)2,Fe(SiO6)2,Al,1,0.086379359,0.035394566,"[InsertionVoltagePairDoc(max_delta_volume=0.00046234982519144374, average_voltage=3.140196106666662, capacity_grav=94.49880314805665, capacity_vol=353.25339759196015, energy_grav=296.7447737301868, energy_vol=1109.2849437850437, fracA_charge=0.21052631578947367, fracA_discharge=0.23076923076923078, formula_charge='Al4Fe(SiO6)2', formula_discharge='Al9Fe2(SiO6)4', stability_charge=0.08637935881578773, stability_discharge=0.035394566378235126, id_charge=MPID(mp-1197460), id_discharge=MPID(mp-1229042))]",94.49880315,296.7447737,353.2533976,1109.284944,3.140196107,mp-1197460,mp-1229042,Orthorhombic,63,Monoclinic,12
mp-37621_Al,Al1.33-2CoO4,Al1.33CoO4,Al2CoO4,CoO4,Al,2,0.173665685,0.036673145,"[InsertionVoltagePairDoc(max_delta_volume=0.0004595509099321049, average_voltage=3.3310376399999986, capacity_grav=159.62761760003482, capacity_vol=670.033002370658, energy_grav=531.7256026092423, energy_vol=2231.90515093887, fracA_charge=0.21052631578947367, fracA_discharge=0.25, formula_charge='Al4(CoO4)3', formula_discharge='Al5(CoO4)3', stability_charge=0.17366568500000135, stability_discharge=0.08205330337500705, id_charge=MPID(mp-1358877), id_discharge=MPID(mp-1354911)), InsertionVoltagePairDoc(max_delta_volume=0.031945586319934494, average_voltage=3.068487000000008, capacity_grav=151.5116426139485, capacity_vol=649.291020043112, energy_grav=464.91150570954824, energy_vol=1992.3410542190338, fracA_charge=0.25, fracA_discharge=0.2857142857142857, formula_charge='Al5(CoO4)3', formula_discharge='Al2CoO4', stability_charge=0.08205330337500705, stability_discharge=0.0366731447619042, id_charge=MPID(mp-1354911), id_discharge=MPID(mp-674336))]",303.0232852,969.6024902,1298.58204,4155.153881,3.19976232,mp-1358877,mp-674336,Monoclinic,8,Trigonal,156
mp-8637_Al,Al0-5Mo,Al0Mo,Al5Mo,Mo,Al,1,0.4114601,0.045211954,"[InsertionVoltagePairDoc(max_delta_volume=4.7625742926678125, average_voltage=0.1227568450000002, capacity_grav=1741.504157810485, capacity_vol=7175.701747409025, energy_grav=213.7815559671976, energy_vol=880.8665071729203, fracA_charge=0.0, fracA_discharge=0.8333333333333334, formula_charge='Mo', formula_discharge='Al5Mo', stability_charge=0.41146009999999933, stability_discharge=0.0452119541666649, id_charge=MPID(mp-8637), id_discharge=MPID(mp-571053))]",1741.504158,213.781556,7175.701747,880.8665072,0.122756845,mp-8637,mp-571053,Cubic,225,Trigonal,167
